,Qtr,StateAbbreviation,Deaths,Cases,UnemploymentRate(%),Personal_Income_Change,GDP_growth_rate,State,Mask,Cases_p,Deaths_p,CFR,CFR_p
0,2019Q3,AK,0,0,,1.6,3.6,Alaska,"No, nan",51785,220,,0.4
1,2019Q3,AL,0,0,,2.9,2.8,Alabama,"Yes, 07/16/2020",424028,6121,,1.4000000000000001
2,2019Q3,AR,0,0,,3.0,1.8,Arkansas,"Yes, 07/20/2020",272263,4343,,1.6
3,2019Q3,AZ,0,0,,4.1,4.7,Arizona,"No, nan",679282,11265,,1.7000000000000002
4,2019Q3,CA,0,0,,1.5,1.6,California,"Yes, 07/18/2020",3032007,33742,,1.0999999999999999
5,2019Q3,CO,0,0,,5.0,6.0,Colorado,"Yes, 07/17/2020",378311,5462,,1.4000000000000001
6,2019Q3,CT,0,0,,0.1,0.6,Connecticut,"Yes, 04/17/2020",230125,6670,,2.9000000000000004
7,2019Q3,DC,0,0,,2.1,1.7,District of Columbia,"Yes, 07/22/2020",34033,857,,2.5
8,2019Q3,DE,0,0,,2.1,-0.4,Delaware,"Yes, 09/16/2020",70910,1016,,1.4000000000000001
9,2019Q3,FL,0,0,,2.2,3.0,Florida,"No, nan",1579273,24273,,1.5
10,2019Q3,GA,0,0,,2.6,2.4,Georgia,"No, nan",796307,11967,,1.5
11,2019Q3,HI,0,0,,2.5,1.5,Hawaii,"Yes, 03/16/2020",24424,319,,1.3
12,2019Q3,IA,0,0,,7.8,2.4,Iowa,"Yes, 11/17/2020",306082,4324,,1.4000000000000001
13,2019Q3,ID,0,0,,4.9,4.7,Idaho,"No, nan",155641,1609,,1.0
14,2019Q3,IL,0,0,,3.3,2.8,Illinois,"Yes, 6/26/2020",1074719,20119,,1.9
15,2019Q3,IN,0,0,,3.7,3.3,Indiana,"Yes, 07/27/2020",595760,9340,,1.6
16,2019Q3,KS,0,0,,5.4,0.9,Kansas,"Yes, 07/02/2020",262519,3525,,1.3
17,2019Q3,KY,0,0,,3.3,2.7,Kentucky,"Yes, 07/09/2020",331982,3462,,1.0
18,2019Q3,LA,0,0,,0.4,4.3,Louisiana,"Yes, 07/11/2020",369951,8253,,2.1999999999999997
19,2019Q3,MA,0,0,,0.7,2.3,Massachusetts,"Yes, 05/06/2020",473441,13705,,2.9000000000000004
20,2019Q3,MD,0,0,,1.4,1.8,Maryland,"Yes, 07/31/2020",328417,6596,,2.0
21,2019Q3,ME,0,0,,3.1,4.6,Maine,"Yes, 05/01/2020",33876,514,,1.5
22,2019Q3,MI,0,0,,2.4,3.4,Michigan,"Yes, 10/05/2020",583846,14677,,2.5
23,2019Q3,MN,0,0,,4.3,2.7,Minnesota,"Yes, 07/25/2020",447417,6007,,1.3
24,2019Q3,MO,0,0,,4.0,2.7,Missouri,"No, nan",469352,6655,,1.4000000000000001
25,2019Q3,MS,0,0,,4.6,3.3,Mississippi,"No, nan",253932,5524,,2.1999999999999997
26,2019Q3,MT,0,0,,6.1,6.0,Montana,"Yes, 07/15/2020",89584,1093,,1.2
27,2019Q3,NC,0,0,,2.6,2.9,North Carolina,"Yes, 06/24/2020",676315,8131,,1.2
28,2019Q3,ND,0,0,,9.8,-0.8,North Dakota,"Yes, 11/14/2020",95956,1406,,1.5
29,2019Q3,NE,0,0,,8.1,5.8,Nebraska,"No, nan",182393,1896,,1.0
30,2019Q3,NH,0,0,,1.1,0.3,New Hampshire,"Yes, 11/20/2020",57864,933,,1.6
31,2019Q3,NJ,0,0,,2.3,2.5,New Jersey,"Yes, 07-08-2020",631074,20458,,3.2
32,2019Q3,NM,0,0,,4.1,6.7,New Mexico,"Yes, 05/16/2020",164263,2960,,1.7999999999999998
33,2019Q3,NV,0,0,,3.0,4.7,Nevada,"Yes, 06/24/2020",262880,3784,,1.4000000000000001
34,2019Q3,NY,0,0,,1.8,-0.5,New York,"Yes, 04/17/2020",1256228,40753,,3.2
35,2019Q3,OH,0,0,,2.6,2.8,Ohio,"Yes, 07/23/2020",831066,10281,,1.2
36,2019Q3,OK,0,0,,2.5,1.6,Oklahoma,"No, nan",356816,2994,,0.8
37,2019Q3,OR,0,0,,2.9,3.4,Oregon,"Yes, 07/01/2020",133851,1811,,1.4000000000000001
38,2019Q3,PA,0,0,,1.5,2.5,Pennsylvania,"Yes, 07/01/2020",776490,19390,,2.5
39,2019Q3,RI,0,0,,-0.4,-2.4,Rhode Island,"Yes, 05-08-2020",104443,2005,,1.9
40,2019Q3,SC,0,0,,3.7,4.7,South Carolina,"No, nan",391464,6248,,1.6
41,2019Q3,SD,0,0,,9.8,4.5,South Dakota,"No, nan",105659,1667,,1.6
42,2019Q3,TN,0,0,,2.1,2.5,Tennessee,"No, nan",674915,8350,,1.2
43,2019Q3,TX,0,0,,4.0,4.8,Texas,"Yes, 07/03/2020",2138574,32858,,1.5
44,2019Q3,UT,0,0,,4.9,6.7,Utah,"Yes, 11/09/2020",324919,1500,,0.5
45,2019Q3,VA,0,0,,2.6,4.5,Virginia,"Yes, 05/26/2020",446550,5739,,1.3
46,2019Q3,VT,0,0,,2.1,1.5,Vermont,"Yes, 08/01/2020",10220,163,,1.6
47,2019Q3,WA,0,0,,3.5,5.4,Washington,"Yes, 06/26/2020",293739,3974,,1.4000000000000001
48,2019Q3,WI,0,0,,0.9,0.2,Wisconsin,"Yes, 08/01/2020",569335,5930,,1.0
49,2019Q3,WV,0,0,,-0.2,0.1,West Virginia,"Yes, 06/06/2020",109809,1784,,1.6
50,2019Q3,WY,0,0,,3.2,4.2,Wyoming,"No, nan",49708,522,,1.0999999999999999
51,2019Q4,AK,0,0,8.898850574712645,2.3,-0.5,Alaska,"No, nan",51785,220,,0.4
52,2019Q4,AL,0,0,2.897014925373134,2.4,1.3,Alabama,"Yes, 07/16/2020",424028,6121,,1.4000000000000001
53,2019Q4,AR,0,0,3.750222222222222,2.3,1.9,Arkansas,"Yes, 07/20/2020",272263,4343,,1.6
54,2019Q4,AZ,0,0,6.017777777777778,4.8,4.9,Arizona,"No, nan",679282,11265,,1.7000000000000002
55,2019Q4,CA,0,0,4.525287356321839,6.1,6.6,California,"Yes, 07/18/2020",3032007,33742,,1.0999999999999999
56,2019Q4,CO,0,0,2.441145833333333,1.9,2.5,Colorado,"Yes, 07/17/2020",378311,5462,,1.4000000000000001
57,2019Q4,CT,0,0,3.204166666666667,3.0,1.9,Connecticut,"Yes, 04/17/2020",230125,6670,,2.9000000000000004
58,2019Q4,DC,0,0,,3.2,2.7,District of Columbia,"Yes, 07/22/2020",34033,857,,2.5
59,2019Q4,DE,0,0,3.7222222222222223,2.7,1.7,Delaware,"Yes, 09/16/2020",70910,1016,,1.4000000000000001
60,2019Q4,FL,0,0,3.0502487562189056,3.7,3.4,Florida,"No, nan",1579273,24273,,1.5
61,2019Q4,GA,0,0,3.40146750524109,2.8,1.6,Georgia,"No, nan",796307,11967,,1.5
62,2019Q4,HI,0,0,2.658333333333333,3.6,2.7,Hawaii,"Yes, 03/16/2020",24424,319,,1.3
63,2019Q4,IA,0,0,2.478666666666667,0.4,-1.3,Iowa,"Yes, 11/17/2020",306082,4324,,1.4000000000000001
64,2019Q4,ID,0,0,3.06969696969697,4.6,5.6,Idaho,"No, nan",155641,1609,,1.0
65,2019Q4,IL,0,0,3.9617647058823526,1.9,-0.2,Illinois,"Yes, 6/26/2020",1074719,20119,,1.9
66,2019Q4,IN,0,0,2.980434782608696,2.9,1.9,Indiana,"Yes, 07/27/2020",595760,9340,,1.6
67,2019Q4,KS,0,0,2.669206349206349,3.1,2.4,Kansas,"Yes, 07/02/2020",262519,3525,,1.3
68,2019Q4,KY,0,0,4.644722222222222,3.2,2.3,Kentucky,"Yes, 07/09/2020",331982,3462,,1.0
69,2019Q4,LA,0,0,5.791666666666667,4.6,1.4,Louisiana,"Yes, 07/11/2020",369951,8253,,2.1999999999999997
70,2019Q4,MA,0,0,2.6619047619047618,1.9,0.4,Massachusetts,"Yes, 05/06/2020",473441,13705,,2.9000000000000004
71,2019Q4,MD,0,0,3.5472222222222225,3.5,2.8,Maryland,"Yes, 07/31/2020",328417,6596,,2.0
72,2019Q4,ME,0,0,2.9916666666666667,3.7,3.4,Maine,"Yes, 05/01/2020",33876,514,,1.5
73,2019Q4,MI,0,0,4.121686746987952,3.3,0.9,Michigan,"Yes, 10/05/2020",583846,14677,,2.5
74,2019Q4,MN,0,0,3.6011494252873564,2.5,2.4,Minnesota,"Yes, 07/25/2020",447417,6007,,1.3
75,2019Q4,MO,0,0,3.4089855072463764,2.5,1.8,Missouri,"No, nan",469352,6655,,1.4000000000000001
76,2019Q4,MS,0,0,6.108943089430894,2.5,2.9,Mississippi,"No, nan",253932,5524,,2.1999999999999997
77,2019Q4,MT,0,0,3.4708333333333337,4.1,3.5,Montana,"Yes, 07/15/2020",89584,1093,,1.2
78,2019Q4,NC,0,0,3.832,3.7,2.7,North Carolina,"Yes, 06/24/2020",676315,8131,,1.2
79,2019Q4,ND,0,0,2.310691823899371,0.6,-0.2,North Dakota,"Yes, 11/14/2020",95956,1406,,1.5
80,2019Q4,NE,0,0,2.7845878136200715,2.9,4.1,Nebraska,"No, nan",182393,1896,,1.0
81,2019Q4,NH,0,0,2.2233333333333336,1.7,-0.5,New Hampshire,"Yes, 11/20/2020",57864,933,,1.6
82,2019Q4,NJ,0,0,3.8269841269841267,2.5,1.5,New Jersey,"Yes, 07-08-2020",631074,20458,,3.2
83,2019Q4,NM,0,0,5.028282828282828,2.7,1.7,New Mexico,"Yes, 05/16/2020",164263,2960,,1.7999999999999998
84,2019Q4,NV,0,0,3.1941176470588237,4.5,2.7,Nevada,"Yes, 06/24/2020",262880,3784,,1.4000000000000001
85,2019Q4,NY,0,0,4.197849462365591,2.8,1.3,New York,"Yes, 04/17/2020",1256228,40753,,3.2
86,2019Q4,OH,0,0,4.1875,3.0,1.5,Ohio,"Yes, 07/23/2020",831066,10281,,1.2
87,2019Q4,OK,0,0,3.5372294372294375,1.0,-2.6,Oklahoma,"No, nan",356816,2994,,0.8
88,2019Q4,OR,0,0,3.4675925925925926,5.8,4.9,Oregon,"Yes, 07/01/2020",133851,1811,,1.4000000000000001
89,2019Q4,PA,0,0,4.906467661691543,3.2,1.4,Pennsylvania,"Yes, 07/01/2020",776490,19390,,2.5
90,2019Q4,PR,0,0,10.602564102564102,,,Puerto Rico,"No, nan",121554,1703,,1.4000000000000001
91,2019Q4,RI,0,0,2.8733333333333335,3.9,2.3,Rhode Island,"Yes, 05-08-2020",104443,2005,,1.9
92,2019Q4,SC,0,0,2.8036231884057967,4.0,2.7,South Carolina,"No, nan",391464,6248,,1.6
93,2019Q4,SD,0,0,3.7944444444444443,2.6,2.4,South Dakota,"No, nan",105659,1667,,1.6
94,2019Q4,TN,0,0,3.7343859649122804,2.8,-0.1,Tennessee,"No, nan",674915,8350,,1.2
95,2019Q4,TX,0,0,3.391338582677165,3.1,0.7,Texas,"Yes, 07/03/2020",2138574,32858,,1.5
96,2019Q4,UT,0,0,2.8701149425287356,5.4,4.0,Utah,"Yes, 11/09/2020",324919,1500,,0.5
97,2019Q4,VA,0,0,2.8506265664160404,3.8,2.7,Virginia,"Yes, 05/26/2020",446550,5739,,1.3
98,2019Q4,VT,0,0,2.3023809523809526,1.7,0.9,Vermont,"Yes, 08/01/2020",10220,163,,1.6
99,2019Q4,WA,0,0,5.148717948717948,4.4,2.9,Washington,"Yes, 06/26/2020",293739,3974,,1.4000000000000001
100,2019Q4,WI,0,0,3.3699074074074074,3.5,2.9,Wisconsin,"Yes, 08/01/2020",569335,5930,,1.0
101,2019Q4,WV,0,0,5.787878787878788,-1.1,-4.9,West Virginia,"Yes, 06/06/2020",109809,1784,,1.6
102,2019Q4,WY,0,0,3.508695652173913,0.9,-0.2,Wyoming,"No, nan",49708,522,,1.0999999999999999
103,2020Q1,AK,2,133,9.789655172413793,-0.3,-6.0,Alaska,"No, nan",51785,220,1.5,0.4
104,2020Q1,AL,14,999,3.5318407960199005,6.3,-3.2,Alabama,"Yes, 07/16/2020",424028,6121,1.4000000000000001,1.4000000000000001
105,2020Q1,AR,8,564,5.162222222222222,4.4,-4.0,Arkansas,"Yes, 07/20/2020",272263,4343,1.4000000000000001,1.6
106,2020Q1,AZ,24,1298,6.948888888888889,5.5,-3.2,Arizona,"No, nan",679282,11265,1.7999999999999998,1.7000000000000002
107,2020Q1,CA,184,8583,6.504597701149425,4.5,-4.3,California,"Yes, 07/18/2020",3032007,33742,2.1,1.0999999999999999
108,2020Q1,CO,69,2990,4.0015624999999995,6.2,-1.3,Colorado,"Yes, 07/17/2020",378311,5462,2.3,1.4000000000000001
109,2020Q1,CT,69,3128,4.0874999999999995,2.4,-6.0,Connecticut,"Yes, 04/17/2020",230125,6670,2.1999999999999997,2.9000000000000004
110,2020Q1,DC,9,495,,6.1,-1.2,District of Columbia,"Yes, 07/22/2020",34033,857,1.7999999999999998,2.5
111,2020Q1,DE,10,319,4.655555555555555,4.2,-11.4,Delaware,"Yes, 09/16/2020",70910,1016,3.1,1.4000000000000001
112,2020Q1,FL,85,6742,3.7895522388059706,5.7,-4.3,Florida,"No, nan",1579273,24273,1.3,1.5
113,2020Q1,GA,126,4116,4.285324947589098,5.6,-4.0,Georgia,"No, nan",796307,11967,3.1,1.5
114,2020Q1,GU,2,139,,,,Guam,,8454,129,1.4000000000000001,1.5
115,2020Q1,HI,1,224,2.7416666666666667,1.7,-8.9,Hawaii,"Yes, 03/16/2020",24424,319,0.4,1.3
116,2020Q1,IA,7,498,3.559333333333333,4.8,-2.0,Iowa,"Yes, 11/17/2020",306082,4324,1.4000000000000001,1.4000000000000001
117,2020Q1,ID,9,526,4.0204545454545455,6.7,-1.9,Idaho,"No, nan",155641,1609,1.7000000000000002,1.0
118,2020Q1,IL,107,5992,3.9732026143790846,3.8,-6.3,Illinois,"Yes, 6/26/2020",1074719,20119,1.7999999999999998,1.9
119,2020Q1,IN,61,2177,3.4644927536231886,3.1,-5.2,Indiana,"Yes, 07/27/2020",595760,9340,2.8000000000000003,1.6
120,2020Q1,KS,10,435,2.977142857142857,2.6,-3.5,Kansas,"Yes, 07/02/2020",262519,3525,2.3,1.3
121,2020Q1,KY,18,590,5.995277777777778,3.8,-5.0,Kentucky,"Yes, 07/09/2020",331982,3462,3.1,1.0
122,2020Q1,LA,240,5237,6.458333333333333,-0.6,-11.9,Louisiana,"Yes, 07/11/2020",369951,8253,4.6,2.1999999999999997
123,2020Q1,MA,89,6620,4.288095238095238,5.0,-4.3,Massachusetts,"Yes, 05/06/2020",473441,13705,1.3,2.9000000000000004
124,2020Q1,MD,18,1662,4.169444444444444,5.0,-3.6,Maryland,"Yes, 07/31/2020",328417,6596,1.0999999999999999,2.0
125,2020Q1,ME,5,303,4.627083333333333,5.0,-6.5,Maine,"Yes, 05/01/2020",33876,514,1.7000000000000002,1.5
126,2020Q1,MI,264,7629,5.375903614457831,0.6,-7.9,Michigan,"Yes, 10/05/2020",583846,14677,3.5000000000000004,2.5
127,2020Q1,MN,12,629,4.950574712643678,3.2,-6.8,Minnesota,"Yes, 07/25/2020",447417,6007,1.9,1.3
128,2020Q1,MO,15,1350,4.484637681159421,3.8,-5.1,Missouri,"No, nan",469352,6655,1.0999999999999999,1.4000000000000001
129,2020Q1,MP,0,2,,,,Northern Mariana Islands,,128,2,0.0,1.6
130,2020Q1,MS,20,937,6.050406504065041,4.5,-3.7,Mississippi,"No, nan",253932,5524,2.1,2.1999999999999997
131,2020Q1,MT,5,198,4.469047619047619,2.0,-4.8,Montana,"Yes, 07/15/2020",89584,1093,2.5,1.2
132,2020Q1,NC,10,1527,4.600666666666667,5.9,-3.5,North Carolina,"Yes, 06/24/2020",676315,8131,0.7000000000000001,1.2
133,2020Q1,ND,3,126,3.2603773584905658,2.5,-1.6,North Dakota,"Yes, 11/14/2020",95956,1406,2.4,1.5
134,2020Q1,NE,4,199,3.4154121863799283,4.0,-3.4,Nebraska,"No, nan",182393,1896,2.0,1.0
135,2020Q1,NH,3,367,2.9766666666666666,7.1,-2.2,New Hampshire,"Yes, 11/20/2020",57864,933,0.8,1.6
136,2020Q1,NJ,267,18696,4.650793650793651,5.4,-3.3,New Jersey,"Yes, 07-08-2020",631074,20458,1.4000000000000001,3.2
137,2020Q1,NM,5,315,6.059595959595959,5.1,-4.7,New Mexico,"Yes, 05/16/2020",164263,2960,1.6,1.7999999999999998
138,2020Q1,NV,26,1113,4.6039215686274515,5.8,-4.9,Nevada,"Yes, 06/24/2020",262880,3784,2.3,1.4000000000000001
139,2020Q1,NY,1929,76211,5.073655913978495,3.7,-6.2,New York,"Yes, 04/17/2020",1256228,40753,2.5,3.2
140,2020Q1,OH,55,2199,5.754545454545455,3.6,-5.6,Ohio,"Yes, 07/23/2020",831066,10281,2.5,1.2
141,2020Q1,OK,23,566,3.37965367965368,2.5,-7.3,Oklahoma,"No, nan",356816,2994,4.1000000000000005,0.8
142,2020Q1,OR,18,690,4.823148148148148,4.8,-4.0,Oregon,"Yes, 07/01/2020",133851,1811,2.6,1.4000000000000001
143,2020Q1,PA,72,4997,6.191044776119403,3.0,-5.8,Pennsylvania,"Yes, 07/01/2020",776490,19390,1.4000000000000001,2.5
144,2020Q1,PR,8,239,10.747435897435897,,,Puerto Rico,"No, nan",121554,1703,3.3000000000000003,1.4000000000000001
145,2020Q1,RI,8,488,4.08,5.5,-5.2,Rhode Island,"Yes, 05-08-2020",104443,2005,1.6,1.9
146,2020Q1,SC,22,1083,3.5826086956521737,2.0,-8.2,South Carolina,"No, nan",391464,6248,2.0,1.6
147,2020Q1,SD,1,107,4.159090909090909,3.6,-2.4,South Dakota,"No, nan",105659,1667,0.8999999999999999,1.6
148,2020Q1,TN,13,2049,4.381754385964912,4.8,-3.9,Tennessee,"No, nan",674915,8350,0.6,1.2
149,2020Q1,TX,57,3588,4.291732283464567,2.7,-6.2,Texas,"Yes, 07/03/2020",2138574,32858,1.6,1.5
150,2020Q1,UT,5,887,4.872413793103448,5.0,-3.9,Utah,"Yes, 11/09/2020",324919,1500,0.6,0.5
151,2020Q1,VA,14,1249,3.648370927318296,5.3,-5.0,Virginia,"Yes, 05/26/2020",446550,5739,1.0999999999999999,1.3
152,2020Q1,VI,0,30,,,,Virgin Islands,,2260,24,0.0,1.0999999999999999
153,2020Q1,VT,13,293,3.607142857142857,5.6,-5.8,Vermont,"Yes, 08/01/2020",10220,163,4.3999999999999995,1.6
154,2020Q1,WA,226,5293,6.075213675213675,4.6,-2.6,Washington,"Yes, 06/26/2020",293739,3974,4.3,1.4000000000000001
155,2020Q1,WI,25,1351,4.753703703703703,1.7,-8.8,Wisconsin,"Yes, 08/01/2020",569335,5930,1.9,1.0
156,2020Q1,WV,1,162,7.1042424242424245,4.5,-6.7,West Virginia,"Yes, 06/06/2020",109809,1784,0.6,1.6
157,2020Q1,WY,0,121,4.301449275362319,1.6,-10.5,Wyoming,"No, nan",49708,522,0.0,1.0999999999999999
158,2020Q2,AK,12,1132,13.98505747126437,31.6,-33.8,Alaska,"No, nan",51785,220,1.0999999999999999,0.4
159,2020Q2,AL,950,38045,10.414925373134329,41.1,-29.6,Alabama,"Yes, 07/16/2020",424028,6121,2.5,1.4000000000000001
160,2020Q2,AR,270,20777,9.301777777777778,47.5,-27.9,Arkansas,"Yes, 07/20/2020",272263,4343,1.3,1.6
161,2020Q2,AZ,1645,79399,11.406666666666666,43.4,-25.3,Arizona,"No, nan",679282,11265,2.1,1.7000000000000002
162,2020Q2,CA,6083,232153,14.918390804597703,28.6,-31.5,California,"Yes, 07/18/2020",3032007,33742,2.6,1.0999999999999999
163,2020Q2,CO,1690,32698,10.024479166666667,21.8,-28.1,Colorado,"Yes, 07/17/2020",378311,5462,5.2,1.4000000000000001
164,2020Q2,CT,4322,46514,9.058333333333334,17.3,-31.1,Connecticut,"Yes, 04/17/2020",230125,6670,9.3,2.9000000000000004
165,2020Q2,DC,551,10327,,21.8,-20.4,District of Columbia,"Yes, 07/22/2020",34033,857,5.3,2.5
166,2020Q2,DE,509,11474,14.700000000000001,30.3,-21.9,Delaware,"Yes, 09/16/2020",70910,1016,4.3999999999999995,1.4000000000000001
167,2020Q2,FL,3504,152426,10.100497512437812,30.3,-30.1,Florida,"No, nan",1579273,24273,2.3,1.5
168,2020Q2,GA,2758,77280,8.21530398322851,34.0,-27.7,Georgia,"No, nan",796307,11967,3.5999999999999996,1.5
169,2020Q2,GU,6,1228,,,,Guam,,8454,129,0.5,1.5
170,2020Q2,HI,18,901,23.866666666666664,57.3,-42.2,Hawaii,"Yes, 03/16/2020",24424,319,2.0,1.3
171,2020Q2,IA,717,29152,8.436,50.0,-28.2,Iowa,"Yes, 11/17/2020",306082,4324,2.5,1.4000000000000001
172,2020Q2,ID,92,6124,8.375757575757575,42.0,-32.4,Idaho,"No, nan",155641,1609,1.5,1.0
173,2020Q2,IL,7136,144661,13.065686274509803,40.2,-29.7,Illinois,"Yes, 6/26/2020",1074719,20119,4.9,1.9
174,2020Q2,IN,2640,46740,13.071376811594202,33.0,-33.0,Indiana,"Yes, 07/27/2020",595760,9340,5.6000000000000005,1.6
175,2020Q2,KS,276,14629,6.161587301587302,29.8,-30.3,Kansas,"Yes, 07/02/2020",262519,3525,1.9,1.3
176,2020Q2,KY,588,15916,10.747777777777777,49.7,-34.5,Kentucky,"Yes, 07/09/2020",331982,3462,3.6999999999999997,1.0
177,2020Q2,LA,3221,58203,11.385416666666666,49.0,-31.4,Louisiana,"Yes, 07/11/2020",369951,8253,5.5,2.1999999999999997
178,2020Q2,MA,8095,108882,17.245238095238093,59.1,-31.6,Massachusetts,"Yes, 05/06/2020",473441,13705,7.3999999999999995,2.9000000000000004
179,2020Q2,MD,3190,68152,9.420833333333333,27.4,-27.7,Maryland,"Yes, 07/31/2020",328417,6596,4.7,2.0
180,2020Q2,ME,105,3253,8.770833333333334,55.9,-34.4,Maine,"Yes, 05/01/2020",33876,514,3.2,1.5
181,2020Q2,MI,6197,70850,19.753815261044178,64.6,-37.6,Michigan,"Yes, 10/05/2020",583846,14677,8.7,2.5
182,2020Q2,MN,1476,36338,7.814176245210728,37.8,-31.3,Minnesota,"Yes, 07/25/2020",447417,6007,4.1000000000000005,1.3
183,2020Q2,MO,1037,22275,7.826086956521739,38.2,-32.1,Missouri,"No, nan",469352,6655,4.7,1.4000000000000001
184,2020Q2,MP,2,30,,,,Northern Mariana Islands,,128,2,6.7,1.6
185,2020Q2,MS,1073,27248,12.0369918699187,51.4,-32.9,Mississippi,"No, nan",253932,5524,3.9,2.1999999999999997
186,2020Q2,MT,22,967,7.550000000000001,57.3,-30.8,Montana,"Yes, 07/15/2020",89584,1093,2.3,1.2
187,2020Q2,NC,1362,65064,10.432,29.2,-30.5,North Carolina,"Yes, 06/24/2020",676315,8131,2.1,1.2
188,2020Q2,ND,88,3585,7.082389937106917,32.5,-27.6,North Dakota,"Yes, 11/14/2020",95956,1406,2.5,1.5
189,2020Q2,NE,279,19194,4.410394265232975,33.1,-31.0,Nebraska,"No, nan",182393,1896,1.5,1.0
190,2020Q2,NH,371,5782,14.106666666666666,30.3,-36.9,New Hampshire,"Yes, 11/20/2020",57864,933,6.4,1.6
191,2020Q2,NJ,15035,173521,16.223809523809525,40.8,-35.6,New Jersey,"Yes, 07-08-2020",631074,20458,8.7,3.2
192,2020Q2,NM,497,12147,8.38989898989899,40.7,-28.3,New Mexico,"Yes, 05/16/2020",164263,2960,4.1000000000000005,1.7999999999999998
193,2020Q2,NV,507,18582,10.872549019607844,40.5,-42.2,Nevada,"Yes, 06/24/2020",262880,3784,2.7,1.4000000000000001
194,2020Q2,NY,31776,398142,12.51236559139785,29.5,-36.3,New York,"Yes, 04/17/2020",1256228,40753,8.0,3.2
195,2020Q2,OH,2863,51789,13.500378787878788,42.4,-33.0,Ohio,"Yes, 07/23/2020",831066,10281,5.5,1.2
196,2020Q2,OK,387,13757,10.045887445887445,47.7,-31.1,Oklahoma,"No, nan",356816,2994,2.8000000000000003,0.8
197,2020Q2,OR,210,8695,12.875925925925925,43.9,-31.9,Oregon,"Yes, 07/01/2020",133851,1811,2.4,1.4000000000000001
198,2020Q2,PA,6695,91226,13.800497512437811,51.6,-34.0,Pennsylvania,"Yes, 07/01/2020",776490,19390,7.3,2.5
199,2020Q2,PR,153,7465,9.660897435897436,,,Puerto Rico,"No, nan",121554,1703,2.0,1.4000000000000001
200,2020Q2,RI,950,16813,14.106666666666666,55.2,-32.4,Rhode Island,"Yes, 05-08-2020",104443,2005,5.7,1.9
201,2020Q2,SC,739,36399,10.97536231884058,40.4,-32.6,South Carolina,"No, nan",391464,6248,2.0,1.6
202,2020Q2,SD,91,6764,7.808080808080808,38.6,-28.8,South Dakota,"No, nan",105659,1667,1.3,1.6
203,2020Q2,TN,597,42815,11.680350877192982,24.6,-40.4,Tennessee,"No, nan",674915,8350,1.4000000000000001,1.2
204,2020Q2,TX,2482,166703,9.23490813648294,29.4,-29.0,Texas,"Yes, 07/03/2020",2138574,32858,1.5,1.5
205,2020Q2,UT,172,22364,8.828735632183909,50.5,-22.4,Utah,"Yes, 11/09/2020",324919,1500,0.8,0.5
206,2020Q2,VA,1763,62787,9.27844611528822,22.3,-27.0,Virginia,"Yes, 05/26/2020",446550,5739,2.8000000000000003,1.3
207,2020Q2,VI,6,90,,,,Virgin Islands,,2260,24,6.7,1.0999999999999999
208,2020Q2,VT,56,1208,13.640476190476189,50.3,-38.2,Vermont,"Yes, 08/01/2020",10220,163,4.6,1.6
209,2020Q2,WA,1333,34541,12.811111111111112,33.9,-25.5,Washington,"Yes, 06/26/2020",293739,3974,3.9,1.4000000000000001
210,2020Q2,WI,793,31723,12.051388888888889,35.9,-32.6,Wisconsin,"Yes, 08/01/2020",569335,5930,2.5,1.0
211,2020Q2,WV,93,2904,13.254545454545454,70.3,-29.6,West Virginia,"Yes, 06/06/2020",109809,1784,3.2,1.6
212,2020Q2,WY,20,1487,7.723188405797101,23.6,-32.5,Wyoming,"No, nan",49708,522,1.3,1.0999999999999999
213,2020Q3,AK,52,8707,8.388505747126436,-7.2,32.2,Alaska,"No, nan",51785,220,0.6,0.4
214,2020Q3,AL,2540,154701,6.982089552238806,-16.5,34.6,Alabama,"Yes, 07/16/2020",424028,6121,1.6,1.4000000000000001
215,2020Q3,AR,1369,83697,7.300444444444444,-20.3,31.8,Arkansas,"Yes, 07/20/2020",272263,4343,1.6,1.6
216,2020Q3,AZ,5654,218511,9.2,-8.6,31.1,Arizona,"No, nan",679282,11265,2.6,1.7000000000000002
217,2020Q3,CA,15898,821125,10.06264367816092,-1.6,31.2,California,"Yes, 07/18/2020",3032007,33742,1.9,1.0999999999999999
218,2020Q3,CO,2061,71090,5.659895833333334,-11.4,30.1,Colorado,"Yes, 07/17/2020",378311,5462,2.9000000000000004,1.4000000000000001
219,2020Q3,CT,4508,57550,8.183333333333334,-4.4,32.6,Connecticut,"Yes, 04/17/2020",230125,6670,7.8,2.9000000000000004
220,2020Q3,DC,627,15326,,-1.9,19.2,District of Columbia,"Yes, 07/22/2020",34033,857,4.1000000000000005,2.5
221,2020Q3,DE,636,20613,9.233333333333333,-10.9,27.6,Delaware,"Yes, 09/16/2020",70910,1016,3.1,1.4000000000000001
222,2020Q3,FL,14316,706508,6.916915422885572,-4.8,33.4,Florida,"No, nan",1579273,24273,2.0,1.5
223,2020Q3,GA,6861,301485,5.918238993710692,-0.6,32.7,Georgia,"No, nan",796307,11967,2.3,1.5
224,2020Q3,GU,50,3457,,,,Guam,,8454,129,1.4000000000000001,1.5
225,2020Q3,HI,135,12555,16.558333333333334,-17.4,31.3,Hawaii,"Yes, 03/16/2020",24424,319,1.0999999999999999,1.3
226,2020Q3,IA,1358,89248,4.935,-20.0,36.4,Iowa,"Yes, 11/17/2020",306082,4324,1.5,1.4000000000000001
227,2020Q3,ID,469,42549,4.46969696969697,-15.6,43.3,Idaho,"No, nan",155641,1609,1.0999999999999999,1.0
228,2020Q3,IL,8935,296935,7.916993464052287,-4.5,34.5,Illinois,"Yes, 6/26/2020",1074719,20119,3.0,1.9
229,2020Q3,IN,3632,122295,5.947101449275363,-11.2,43.3,Indiana,"Yes, 07/27/2020",595760,9340,3.0,1.6
230,2020Q3,KS,678,60957,4.904126984126984,-15.1,34.3,Kansas,"Yes, 07/02/2020",262519,3525,1.0999999999999999,1.3
231,2020Q3,KY,1208,72830,6.204444444444444,-24.6,41.2,Kentucky,"Yes, 07/09/2020",331982,3462,1.7000000000000002,1.0
232,2020Q3,LA,5511,167458,8.225,-13.8,33.1,Louisiana,"Yes, 07/11/2020",369951,8253,3.3000000000000003,2.1999999999999997
233,2020Q3,MA,9456,132116,11.638095238095238,-15.3,33.1,Massachusetts,"Yes, 05/06/2020",473441,13705,7.199999999999999,2.9000000000000004
234,2020Q3,MD,3949,125217,6.901388888888889,-5.5,29.2,Maryland,"Yes, 07/31/2020",328417,6596,3.2,2.0
235,2020Q3,ME,141,5391,6.989583333333333,-19.9,37.3,Maine,"Yes, 05/01/2020",33876,514,2.6,1.5
236,2020Q3,MI,7084,138074,8.190361445783132,-22.7,44.2,Michigan,"Yes, 10/05/2020",583846,14677,5.1,2.5
237,2020Q3,MN,2089,99187,5.314942528735632,-16.7,36.3,Minnesota,"Yes, 07/25/2020",447417,6007,2.1,1.3
238,2020Q3,MO,2157,130065,5.447246376811594,-17.8,36.7,Missouri,"No, nan",469352,6655,1.7000000000000002,1.4000000000000001
239,2020Q3,MP,2,70,,,,Northern Mariana Islands,,128,2,2.9000000000000004,1.6
240,2020Q3,MS,2969,98190,9.301219512195122,-20.0,39.5,Mississippi,"No, nan",253932,5524,3.0,2.1999999999999997
241,2020Q3,MT,180,13179,5.051785714285715,-20.5,30.8,Montana,"Yes, 07/15/2020",89584,1093,1.4000000000000001,1.2
242,2020Q3,NC,3565,211004,7.248333333333333,-12.5,35.7,North Carolina,"Yes, 06/24/2020",676315,8131,1.7000000000000002,1.2
243,2020Q3,ND,250,21849,4.376729559748427,-20.6,22.4,North Dakota,"Yes, 11/14/2020",95956,1406,1.0999999999999999,1.5
244,2020Q3,NE,493,45564,3.056989247311828,-15.3,33.2,Nebraska,"No, nan",182393,1896,1.0999999999999999,1.0
245,2020Q3,NH,439,8266,6.376666666666667,-13.1,40.9,New Hampshire,"Yes, 11/20/2020",57864,933,5.3,1.6
246,2020Q3,NJ,16122,207062,10.517460317460317,-8.7,37.2,New Jersey,"Yes, 07-08-2020",631074,20458,7.8,3.2
247,2020Q3,NM,877,29435,10.951515151515151,-14.9,23.6,New Mexico,"Yes, 05/16/2020",164263,2960,3.0,1.7999999999999998
248,2020Q3,NV,1600,80084,6.452941176470588,-15.7,52.2,Nevada,"Yes, 06/24/2020",262880,3784,2.0,1.4000000000000001
249,2020Q3,NY,32757,463369,9.323655913978495,-9.1,30.3,New York,"Yes, 04/17/2020",1256228,40753,7.1,3.2
250,2020Q3,OH,4804,153987,7.856439393939394,-16.4,36.9,Ohio,"Yes, 07/23/2020",831066,10281,3.1,1.2
251,2020Q3,OK,1031,87199,5.7463203463203465,-23.6,24.2,Oklahoma,"No, nan",356816,2994,1.2,0.8
252,2020Q3,OR,560,33554,7.883333333333333,-11.3,35.1,Oregon,"Yes, 07/01/2020",133851,1811,1.7000000000000002,1.4000000000000001
253,2020Q3,PA,8216,164135,9.818407960199005,-10.6,35.5,Pennsylvania,"Yes, 07/01/2020",776490,19390,5.0,2.5
254,2020Q3,PR,661,48755,8.92863247863248,,,Puerto Rico,"No, nan",121554,1703,1.4000000000000001,1.4000000000000001
255,2020Q3,RI,1114,24748,10.146666666666667,-15.8,35.5,Rhode Island,"Yes, 05-08-2020",104443,2005,4.5,1.9
256,2020Q3,SC,3378,147942,7.377536231884058,-16.3,38.5,South Carolina,"No, nan",391464,6248,2.3,1.6
257,2020Q3,SD,223,22389,5.01010101010101,-17.6,32.1,South Dakota,"No, nan",105659,1667,1.0,1.6
258,2020Q3,TN,2429,193357,7.454385964912281,-9.6,46.5,Tennessee,"No, nan",674915,8350,1.3,1.2
259,2020Q3,TX,16102,784027,6.979396325459318,-8.8,29.7,Texas,"Yes, 07/03/2020",2138574,32858,2.1,1.5
260,2020Q3,UT,460,73053,4.69080459770115,-14.9,34.4,Utah,"Yes, 11/09/2020",324919,1500,0.6,0.5
261,2020Q3,VA,3208,148271,6.7734335839599,-6.6,29.5,Virginia,"Yes, 05/26/2020",446550,5739,2.1999999999999997,1.3
262,2020Q3,VI,20,1318,,,,Virgin Islands,,2260,24,1.5,1.0999999999999999
263,2020Q3,VT,58,1752,5.847619047619047,-20.3,43.0,Vermont,"Yes, 08/01/2020",10220,163,3.3000000000000003,1.6
264,2020Q3,WA,2222,91560,9.184615384615384,-7.3,36.6,Washington,"Yes, 06/26/2020",293739,3974,2.4,1.4000000000000001
265,2020Q3,WI,1338,129172,5.8902777777777775,-14.5,40.3,Wisconsin,"Yes, 08/01/2020",569335,5930,1.0,1.0
266,2020Q3,WV,350,15848,9.52,-29.9,30.5,West Virginia,"Yes, 06/06/2020",109809,1784,2.1999999999999997,1.6
267,2020Q3,WY,50,5948,5.521739130434782,-17.1,19.4,Wyoming,"No, nan",49708,522,0.8,1.0999999999999999
268,2020Q4,AK,198,46740,8.210344827586207,,,Alaska,"No, nan",51785,220,0.4,0.4
269,2020Q4,AL,4827,361226,4.9358208955223875,,,Alabama,"Yes, 07/16/2020",424028,6121,1.3,1.4000000000000001
270,2020Q4,AR,3676,225138,5.874666666666667,,,Arkansas,"Yes, 07/20/2020",272263,4343,1.6,1.6
271,2020Q4,AZ,8879,523829,8.620000000000001,,,Arizona,"No, nan",679282,11265,1.7000000000000002,1.7000000000000002
272,2020Q4,CA,25965,2307769,7.391379310344828,,,California,"Yes, 07/18/2020",3032007,33742,1.0999999999999999,1.0999999999999999
273,2020Q4,CO,4879,335579,5.3234375,,,Colorado,"Yes, 07/17/2020",378311,5462,1.5,1.4000000000000001
274,2020Q4,CT,5995,185708,6.31875,,,Connecticut,"Yes, 04/17/2020",230125,6670,3.2,2.9000000000000004
275,2020Q4,DC,786,28983,,,,District of Columbia,"Yes, 07/22/2020",34033,857,2.7,2.5
276,2020Q4,DE,926,57456,5.016666666666667,,,Delaware,"Yes, 09/16/2020",70910,1016,1.6,1.4000000000000001
277,2020Q4,FL,21672,1323307,5.428358208955224,,,Florida,"No, nan",1579273,24273,1.6,1.5
278,2020Q4,GA,10588,644065,4.513522012578616,,,Georgia,"No, nan",796307,11967,1.6,1.5
279,2020Q4,GU,123,8286,,,,Guam,,8454,129,1.5,1.5
280,2020Q4,HI,286,21459,14.45,,,Hawaii,"Yes, 03/16/2020",24424,319,1.3,1.3
281,2020Q4,IA,3891,281712,2.752,,,Iowa,"Yes, 11/17/2020",306082,4324,1.4000000000000001,1.4000000000000001
282,2020Q4,ID,1438,141388,4.910227272727273,,,Idaho,"No, nan",155641,1609,1.0,1.0
283,2020Q4,IL,17979,965840,4.870588235294118,,,Illinois,"Yes, 6/26/2020",1074719,20119,1.9,1.9
284,2020Q4,IN,8263,514455,4.488586956521739,,,Indiana,"Yes, 07/27/2020",595760,9340,1.6,1.6
285,2020Q4,KS,2741,225455,3.817142857142857,,,Kansas,"Yes, 07/02/2020",262519,3525,1.2,1.3
286,2020Q4,KY,2956,268828,6.3075,,,Kentucky,"Yes, 07/09/2020",331982,3462,1.0999999999999999,1.0
287,2020Q4,LA,7488,315275,8.06328125,,,Louisiana,"Yes, 07/11/2020",369951,8253,2.4,2.1999999999999997
288,2020Q4,MA,12423,375178,6.521428571428571,,,Massachusetts,"Yes, 05/06/2020",473441,13705,3.3000000000000003,2.9000000000000004
289,2020Q4,MD,5895,276834,6.4624999999999995,,,Maryland,"Yes, 07/31/2020",328417,6596,2.1,2.0
290,2020Q4,ME,347,24201,4.825,,,Maine,"Yes, 05/01/2020",33876,514,1.4000000000000001,1.5
291,2020Q4,MI,13010,527199,4.908433734939758,,,Michigan,"Yes, 10/05/2020",583846,14677,2.5,2.5
292,2020Q4,MN,5382,415361,3.5758620689655176,,,Minnesota,"Yes, 07/25/2020",447417,6007,1.3,1.3
293,2020Q4,MO,5887,418637,3.4330434782608696,,,Missouri,"No, nan",469352,6655,1.4000000000000001,1.4000000000000001
294,2020Q4,MP,2,122,,,,Northern Mariana Islands,,128,2,1.6,1.6
295,2020Q4,MS,4787,215811,7.471951219512196,,,Mississippi,"No, nan",253932,5524,2.1999999999999997,2.1999999999999997
296,2020Q4,MT,962,81701,4.116964285714286,,,Montana,"Yes, 07/15/2020",89584,1093,1.2,1.2
297,2020Q4,NC,6811,541070,6.037000000000001,,,North Carolina,"Yes, 06/24/2020",676315,8131,1.3,1.2
298,2020Q4,ND,1299,92502,3.755660377358491,,,North Dakota,"Yes, 11/14/2020",95956,1406,1.4000000000000001,1.5
299,2020Q4,NE,1679,167128,2.188709677419355,,,Nebraska,"No, nan",182393,1896,1.0,1.0
300,2020Q4,NH,759,44028,3.575,,,New Hampshire,"Yes, 11/20/2020",57864,933,1.7000000000000002,1.6
301,2020Q4,NJ,19042,479381,8.819047619047618,,,New Jersey,"Yes, 07-08-2020",631074,20458,4.0,3.2
302,2020Q4,NM,2479,142897,7.496969696969697,,,New Mexico,"Yes, 05/16/2020",164263,2960,1.7000000000000002,1.7999999999999998
303,2020Q4,NV,3136,225178,5.485294117647059,,,Nevada,"Yes, 06/24/2020",262880,3784,1.4000000000000001,1.4000000000000001
304,2020Q4,NY,37557,979040,5.966129032258064,,,New York,"Yes, 04/17/2020",1256228,40753,3.8,3.2
305,2020Q4,OH,8962,700380,5.159659090909091,,,Ohio,"Yes, 07/23/2020",831066,10281,1.3,1.2
306,2020Q4,OK,2489,290936,5.872727272727273,,,Oklahoma,"No, nan",356816,2994,0.8999999999999999,0.8
307,2020Q4,OR,1485,113929,5.488888888888889,,,Oregon,"Yes, 07/01/2020",133851,1811,1.3,1.4000000000000001
308,2020Q4,PA,16020,646060,6.175373134328358,,,Pennsylvania,"Yes, 07/01/2020",776490,19390,2.5,2.5
309,2020Q4,PR,1503,109906,9.532692307692306,,,Puerto Rico,"No, nan",121554,1703,1.4000000000000001,1.4000000000000001
310,2020Q4,RI,1777,87949,5.970000000000001,,,Rhode Island,"Yes, 05-08-2020",104443,2005,2.0,1.9
311,2020Q4,SC,5296,307507,4.591304347826087,,,South Carolina,"No, nan",391464,6248,1.7000000000000002,1.6
312,2020Q4,SD,1488,99164,3.4734848484848486,,,South Dakota,"No, nan",105659,1667,1.5,1.6
313,2020Q4,TN,6846,572579,6.1547368421052635,,,Tennessee,"No, nan",674915,8350,1.2,1.2
314,2020Q4,TX,28155,1772163,6.984448818897637,,,Texas,"Yes, 07/03/2020",2138574,32858,1.6,1.5
315,2020Q4,UT,1270,276612,4.363793103448276,,,Utah,"Yes, 11/09/2020",324919,1500,0.5,0.5
316,2020Q4,VA,5032,349584,4.746240601503759,,,Virginia,"Yes, 05/26/2020",446550,5739,1.4000000000000001,1.3
317,2020Q4,VI,23,2031,,,,Virgin Islands,,2260,24,1.0999999999999999,1.0999999999999999
318,2020Q4,VT,136,7412,2.7535714285714286,,,Vermont,"Yes, 08/01/2020",10220,163,1.7999999999999998,1.6
319,2020Q4,WA,3523,251064,6.356410256410257,,,Washington,"Yes, 06/26/2020",293739,3974,1.4000000000000001,1.4000000000000001
320,2020Q4,WI,5245,520438,4.879861111111111,,,Wisconsin,"Yes, 08/01/2020",569335,5930,1.0,1.0
321,2020Q4,WV,1338,85334,6.378181818181818,,,West Virginia,"Yes, 06/06/2020",109809,1784,1.6,1.6
322,2020Q4,WY,438,44409,4.5456521739130435,,,Wyoming,"No, nan",49708,522,1.0,1.0999999999999999
323,2021Q1,AK,220,51785,,,,Alaska,"No, nan",51785,220,0.4,0.4
324,2021Q1,AL,6121,424028,,,,Alabama,"Yes, 07/16/2020",424028,6121,1.4000000000000001,1.4000000000000001
325,2021Q1,AR,4343,272263,,,,Arkansas,"Yes, 07/20/2020",272263,4343,1.6,1.6
326,2021Q1,AZ,11266,679282,,,,Arizona,"No, nan",679282,11265,1.7000000000000002,1.7000000000000002
327,2021Q1,CA,33742,3032007,,,,California,"Yes, 07/18/2020",3032007,33742,1.0999999999999999,1.0999999999999999
328,2021Q1,CO,5462,378311,,,,Colorado,"Yes, 07/17/2020",378311,5462,1.4000000000000001,1.4000000000000001
329,2021Q1,CT,6670,230125,,,,Connecticut,"Yes, 04/17/2020",230125,6670,2.9000000000000004,2.9000000000000004
330,2021Q1,DC,857,34033,,,,District of Columbia,"Yes, 07/22/2020",34033,857,2.5,2.5
331,2021Q1,DE,1016,70910,,,,Delaware,"Yes, 09/16/2020",70910,1016,1.4000000000000001,1.4000000000000001
332,2021Q1,FL,24273,1579273,,,,Florida,"No, nan",1579273,24273,1.5,1.5
333,2021Q1,GA,11967,796307,,,,Georgia,"No, nan",796307,11967,1.5,1.5
334,2021Q1,GU,129,8454,,,,Guam,,8454,129,1.5,1.5
335,2021Q1,HI,319,24424,,,,Hawaii,"Yes, 03/16/2020",24424,319,1.3,1.3
336,2021Q1,IA,4324,306082,,,,Iowa,"Yes, 11/17/2020",306082,4324,1.4000000000000001,1.4000000000000001
337,2021Q1,ID,1609,155641,,,,Idaho,"No, nan",155641,1609,1.0,1.0
338,2021Q1,IL,20119,1074719,,,,Illinois,"Yes, 6/26/2020",1074719,20119,1.9,1.9
339,2021Q1,IN,9340,595760,,,,Indiana,"Yes, 07/27/2020",595760,9340,1.6,1.6
340,2021Q1,KS,3525,262519,,,,Kansas,"Yes, 07/02/2020",262519,3525,1.3,1.3
341,2021Q1,KY,3462,331982,,,,Kentucky,"Yes, 07/09/2020",331982,3462,1.0,1.0
342,2021Q1,LA,8253,369951,,,,Louisiana,"Yes, 07/11/2020",369951,8253,2.1999999999999997,2.1999999999999997
343,2021Q1,MA,13705,473441,,,,Massachusetts,"Yes, 05/06/2020",473441,13705,2.9000000000000004,2.9000000000000004
344,2021Q1,MD,6596,328417,,,,Maryland,"Yes, 07/31/2020",328417,6596,2.0,2.0
345,2021Q1,ME,514,33876,,,,Maine,"Yes, 05/01/2020",33876,514,1.5,1.5
346,2021Q1,MI,14677,583846,,,,Michigan,"Yes, 10/05/2020",583846,14677,2.5,2.5
347,2021Q1,MN,6007,447417,,,,Minnesota,"Yes, 07/25/2020",447417,6007,1.3,1.3
348,2021Q1,MO,6655,469352,,,,Missouri,"No, nan",469352,6655,1.4000000000000001,1.4000000000000001
349,2021Q1,MP,2,128,,,,Northern Mariana Islands,,128,2,1.6,1.6
350,2021Q1,MS,5524,253932,,,,Mississippi,"No, nan",253932,5524,2.1999999999999997,2.1999999999999997
351,2021Q1,MT,1093,89584,,,,Montana,"Yes, 07/15/2020",89584,1093,1.2,1.2
352,2021Q1,NC,8131,676315,,,,North Carolina,"Yes, 06/24/2020",676315,8131,1.2,1.2
353,2021Q1,ND,1406,95956,,,,North Dakota,"Yes, 11/14/2020",95956,1406,1.5,1.5
354,2021Q1,NE,1896,182393,,,,Nebraska,"No, nan",182393,1896,1.0,1.0
355,2021Q1,NH,933,57864,,,,New Hampshire,"Yes, 11/20/2020",57864,933,1.6,1.6
356,2021Q1,NJ,20458,631074,,,,New Jersey,"Yes, 07-08-2020",631074,20458,3.2,3.2
357,2021Q1,NM,2960,164263,,,,New Mexico,"Yes, 05/16/2020",164263,2960,1.7999999999999998,1.7999999999999998
358,2021Q1,NV,3784,262880,,,,Nevada,"Yes, 06/24/2020",262880,3784,1.4000000000000001,1.4000000000000001
359,2021Q1,NY,40753,1256228,,,,New York,"Yes, 04/17/2020",1256228,40753,3.2,3.2
360,2021Q1,OH,10281,831066,,,,Ohio,"Yes, 07/23/2020",831066,10281,1.2,1.2
361,2021Q1,OK,2994,356816,,,,Oklahoma,"No, nan",356816,2994,0.8,0.8
362,2021Q1,OR,1811,133851,,,,Oregon,"Yes, 07/01/2020",133851,1811,1.4000000000000001,1.4000000000000001
363,2021Q1,PA,19390,776490,,,,Pennsylvania,"Yes, 07/01/2020",776490,19390,2.5,2.5
364,2021Q1,PR,1703,121554,,,,Puerto Rico,"No, nan",121554,1703,1.4000000000000001,1.4000000000000001
365,2021Q1,RI,2005,104443,,,,Rhode Island,"Yes, 05-08-2020",104443,2005,1.9,1.9
366,2021Q1,SC,6248,391464,,,,South Carolina,"No, nan",391464,6248,1.6,1.6
367,2021Q1,SD,1667,105659,,,,South Dakota,"No, nan",105659,1667,1.6,1.6
368,2021Q1,TN,8350,674915,,,,Tennessee,"No, nan",674915,8350,1.2,1.2
369,2021Q1,TX,32858,2138574,,,,Texas,"Yes, 07/03/2020",2138574,32858,1.5,1.5
370,2021Q1,UT,1500,324919,,,,Utah,"Yes, 11/09/2020",324919,1500,0.5,0.5
371,2021Q1,VA,5739,446550,,,,Virginia,"Yes, 05/26/2020",446550,5739,1.3,1.3
372,2021Q1,VI,24,2260,,,,Virgin Islands,,2260,24,1.0999999999999999,1.0999999999999999
373,2021Q1,VT,163,10220,,,,Vermont,"Yes, 08/01/2020",10220,163,1.6,1.6
374,2021Q1,WA,3974,293739,,,,Washington,"Yes, 06/26/2020",293739,3974,1.4000000000000001,1.4000000000000001
375,2021Q1,WI,5930,569335,,,,Wisconsin,"Yes, 08/01/2020",569335,5930,1.0,1.0
376,2021Q1,WV,1784,109809,,,,West Virginia,"Yes, 06/06/2020",109809,1784,1.6,1.6
377,2021Q1,WY,522,49708,,,,Wyoming,"No, nan",49708,522,1.0999999999999999,1.0999999999999999
